Time [s],Channel 2
2.753836320,0
3.254478560,1
3.255148960,0
3.755583680,1
3.756260960,0
4.256684320,1
4.257328960,0
4.757749440,1
4.758344640,0
5.258775520,1
5.259409280,0
5.759828800,1
5.760515200,0
6.260934560,1
6.261575040,0
6.762017120,1
6.762857280,0
7.263508800,1
7.264370080,0
7.764973760,1
7.765711200,0
8.266204160,1
8.266896800,0
8.767386240,1
8.768107200,0
9.268634400,1
9.269314080,0
9.769841760,1
9.770502720,0
10.271023040,1
10.271717920,0
10.772235040,1
10.772970080,0
11.273482240,1
11.274189280,0
11.774711520,1
11.775428000,0
12.275940480,1
12.276653600,0
12.777147840,1
12.777869760,0
13.278297120,1
13.278936800,0
13.779309920,1
13.780039680,0
14.280467200,1
14.281132320,0
14.781565600,1
14.782203200,0
15.282634080,1
15.283308480,0
15.783753600,1
15.784433280,0
16.284854240,1
16.285483200,0
16.785915680,1
16.786566720,0
17.287001760,1
17.287698560,0
17.788153600,1
17.788910560,0
18.289464000,1
18.290235520,0
18.791776000,1
18.792473920,0
19.293188320,1
19.293885600,0
19.794409280,1
19.795069120,0
20.295634400,1
20.296297760,0
20.796817600,1
20.797538880,0
21.298114080,1
21.298744960,0
21.799272320,1
21.799939200,0
22.300533920,1
22.304031200,0
22.804947040,1
22.805667680,0
23.306114080,1
23.306795680,0
23.807222080,1
23.807899360,0
24.308356320,1
24.309034880,0
24.809487040,1
24.810072960,0
25.310512960,1
25.311193120,0
25.811620480,1
25.812301920,0
26.312744320,1
26.313363360,0
26.813807360,1
26.814423200,0
27.314884000,1
27.315889440,0
27.816575200,1
27.817500640,0
28.318382240,1
28.319347520,0
28.820030240,1
28.820893920,0
29.321605600,1
29.322531360,0
29.823187200,1
29.824066880,0
30.324758400,1
30.325646240,0
30.826346560,1
30.827247040,0
31.328068320,1
31.328908960,0
31.829564480,1
31.830382560,0
32.331059840,1
32.332248320,0
32.832968960,1
32.833887680,0
33.334718240,1
33.335675360,0
33.836372160,1
33.837253920,0
34.337895840,1
34.338796480,0
34.839443680,1
34.840317440,0
35.340955520,1
35.341878400,0
35.842759680,1
35.843676320,0
36.344309920,1
36.345195040,0
36.845838880,1
36.846750400,0
37.347564160,1
37.352171680,0
37.856233280,1
37.856931520,0
38.357683040,1
38.358484640,0
38.859094560,1
38.859812480,0
39.360347840,1
39.361068320,0
39.861595360,1
39.862269280,0
40.362793920,1
40.363477600,0
40.864007840,1
40.864750400,0
41.365348960,1
41.365990080,0
41.866511840,1
41.867205600,0
42.367740160,1
42.368276800,0
42.868664480,1
42.869281920,0
43.369804480,1
43.370970400,0
43.871562560,1
43.872170720,0
44.372598880,1
44.373270240,0
44.873695840,1
44.874324480,0
45.374744960,1
45.375447040,0
45.876023680,1
45.876635040,0
46.377059840,1
46.377669920,0
46.878093600,1
46.878711200,0
47.379155520,1
47.380383200,0
47.881308320,1
47.881953440,0
48.382462240,1
48.383115520,0
48.883597120,1
48.884238240,0
49.384755040,1
49.385453600,0
49.885964160,1
49.886621120,0
50.387146400,1
50.387839040,0
50.888345920,1
50.888999680,0
51.389509280,1
51.390705600,0
51.891367040,1
51.892038240,0
52.392531200,1
52.393137600,0
52.893626400,1
52.894485120,0
53.395356960,1
53.396364000,0
53.897051360,1
53.897908160,0
54.398571040,1
54.399530400,0
54.900366880,1
54.901252800,0
55.401895680,1
55.402836960,0
55.903579680,1
55.904426240,0
56.405046880,1
56.405981280,0
56.906605120,1
56.907458720,0
57.408084320,1
57.408939040,0
57.909536320,1
57.910194880,0
58.410684960,1
58.411327040,0
58.911761600,1
58.912418880,0
59.413103680,1
59.413822560,0
59.914328320,1
59.915019360,0
60.415535680,1
60.416263840,0
60.916959840,1
60.917645120,0
61.418142240,1
61.418903840,0
61.919624160,1
61.920312480,0
62.420799840,1
62.421621120,0
62.922253120,1
62.923071200,0
63.423860960,1
63.424627520,0
63.925146400,1
63.925960000,0
64.426830400,1
64.427784160,0
64.928410240,1
64.929239360,0
65.429840000,1
65.430756800,0
65.931461280,1
65.932255520,0
66.433008640,1
66.433940640,0
66.934573920,1
66.935446560,0
67.436073920,1
67.436679200,0
67.937024160,1
67.937595520,0
68.438077600,1
68.438821120,0
68.939925920,1
68.940544800,0
69.440966880,1
69.441641600,0
69.942064960,1
69.942682400,0
70.443102720,1
70.443799200,0
70.944229120,1
70.944835840,0
71.445262080,1
71.445947200,0
71.946384160,1
71.947023360,0
72.447459200,1
72.448358560,0
72.948943840,1
72.949799680,0
73.450426880,1
73.451454240,0
73.952340480,1
73.953164960,0
74.453784320,1
74.454751360,0
74.955398080,1
74.956298560,0
75.457112320,1
75.458052960,0
75.958719520,1
75.959565120,0
76.460195200,1
76.461129120,0
76.961753760,1
76.962621440,0
77.463289600,1
77.463909440,0
77.964339840,1
77.964975360,0
78.465484800,1
78.466227680,0
78.966662400,1
78.967280640,0
79.467705120,1
79.468384960,0
79.968813760,1
79.969412960,0
80.469825440,1
80.470510720,0
80.970939520,1
80.971519520,0
81.471921760,1
81.472617120,0
81.973042240,1
81.973680960,0
82.474139040,1
82.474906240,0
82.975435040,1
82.976095840,0
83.476608960,1
83.477398720,0
83.977906240,1
83.978636960,0
84.479339360,1
84.480079520,0
84.980750240,1
84.981414080,0
85.482115360,1
85.482840960,0
85.983344320,1
85.983956960,0
86.484462720,1
86.485173120,0
86.985668000,1
86.986356480,0
87.486870880,1
87.487865280,0
87.988736960,1
87.989612320,0
88.490264160,1
88.491136640,0
88.991752800,1
88.992580640,0
89.493245440,1
89.494164480,0
89.994790400,1
89.995683360,0
90.496305600,1
90.497230560,0
90.997851200,1
90.998661440,0
91.499288320,1
91.500187680,0
92.000995200,1
92.001852480,0
92.502458080,1
92.503259520,0
93.003776480,1
93.004452320,0
93.504972640,1
93.505683840,0
94.006186240,1
94.006843520,0
94.507349120,1
94.508056000,0
95.008561280,1
95.009269600,0
95.509770560,1
95.510527520,0
96.011052320,1
96.011716480,0
96.512227360,1
96.512948800,0
97.013465440,1
97.014154720,0
97.514680320,1
97.515454880,0
98.015887040,1
98.016518560,0
98.517023360,1
98.517675040,0
99.018178240,1
99.018817280,0
99.519354560,1
99.520026880,0
100.020464640,1
100.021157760,0
100.521580800,1
100.522257440,0
101.022677920,1
101.023332640,0
101.523759200,1
101.524430560,0
102.024851840,1
102.025463520,0
102.525876160,1
102.526647040,0
103.027154720,1
103.027814560,0
103.528325920,1
103.529062240,0
104.029568640,1
104.030237760,0
104.530923360,1
104.531627520,0
105.032133760,1
105.032822240,0
105.533502720,1
105.534218080,0
106.034722880,1
106.035407840,0
106.535929120,1
106.536620640,0
107.037127840,1
107.037807040,0
107.538278880,1
107.539028800,0
108.039546880,1
108.040213920,0
108.540716800,1
108.541356000,0
109.041781920,1
109.042381280,0
109.542777280,1
109.543418080,0
110.043840480,1
110.044431200,0
110.544819360,1
110.545509120,0
111.046013120,1
111.046578560,0
111.546972960,1
111.547624640,0
112.048048000,1
112.048715520,0
112.549164480,1
112.550147520,0
113.050781600,1
113.051647840,0
113.552284640,1
113.553148480,0
114.053756320,1
114.054638720,0
114.555296640,1
114.556199520,0
115.056826880,1
115.057527360,0
115.558028160,1
115.558772960,0
116.059281120,1
116.059919680,0
116.560422240,1
116.561154240,0
117.061657440,1
117.062414240,0
117.562906560,1
117.563454240,0
118.063757440,1
118.064208000,0
118.564507040,1
118.564967840,0
119.065266720,1
119.065708640,0
119.566009920,1
119.566471680,0
120.066769440,1
120.067441760,0
120.567875680,1
120.568561600,0
121.068985600,1
121.069593120,0
121.570019680,1
121.570711040,0
122.071190720,1
122.071945920,0
122.572427840,1
122.573403360,0
123.074033120,1
123.074997760,0
123.575633120,1
123.576516960,0
124.077341760,1
124.078302080,0
124.578956960,1
124.579816960,0
125.080443360,1
125.081358560,0
125.581996160,1
125.582919040,0
126.083559040,1
126.084432640,0
126.585071520,1
126.585944000,0
127.086575840,1
127.087505120,0
127.588109440,1
127.588847520,0
128.089362880,1
128.090071200,0
128.590578720,1
128.591228320,0
129.091661760,1
129.092324320,0
129.592822880,1
129.593451680,0
130.093960160,1
130.094658240,0
130.595150880,1
130.595832320,0
131.096357120,1
131.097042720,0
131.597576160,1
131.598300480,0
132.098825440,1
132.099592320,0
132.600217440,1
132.600968160,0
133.101687360,1
133.102427200,0
133.603140320,1
133.603862880,0
134.104582080,1
134.105323520,0
134.606037600,1
134.606877120,0
135.107413920,1
135.108187040,0
135.608700320,1
135.609459680,0
136.109971360,1
136.110602400,0
136.611138400,1
136.611866560,0
137.112372640,1
137.113092800,0
137.613586880,1
137.614340160,0
138.114867360,1
138.115575840,0
138.616092640,1
138.616736320,0
139.117162720,1
139.117833920,0
139.618259520,1
139.618862400,0
140.119287520,1
140.119974720,0
140.620399040,1
140.621049440,0
141.121468160,1
141.122119200,0
141.622581280,1
141.623236000,0
142.123657920,1
142.124356160,0
142.624796320,1
142.625569280,0
143.126119680,1
143.126881280,0
143.627422720,1
143.628150560,0
144.128672160,1
144.129384320,0
144.629889920,1
144.630544320,0
145.131055360,1
145.131742560,0
145.632241120,1
145.632945440,0
146.133448000,1
146.134079840,0
146.634644960,1
146.635342880,0
147.135845920,1
147.136590080,0
147.637108160,1
147.638100480,0
148.138808800,1
148.139760320,0
148.640408960,1
148.641286400,0
149.141923520,1
149.142836480,0
149.643484000,1
149.644285920,0
150.144914240,1
150.145836480,0
150.646468000,1
150.647333280,0
151.147968160,1
151.148852480,0
151.649481760,1
151.650336640,0
152.150963520,1
152.151907200,0
152.652537760,1
152.653535840,0
153.154186560,1
153.155161920,0
153.655810720,1
153.656669280,0
154.157334720,1
154.158296800,0
154.658968800,1
154.659765600,0
155.160393280,1
155.161316320,0
155.661947840,1
155.662865280,0
156.163508160,1
156.164386080,0
156.665016000,1
156.665904480,0
157.166529440,1
157.167454240,0
157.668082720,1
157.669043200,0
158.169700480,1
158.170626560,0
158.671276800,1
158.672156320,0
159.172782240,1
159.173684160,0
159.674351040,1
159.675161760,0
160.175790080,1
160.176669920,0
160.677296000,1
160.678249760,0
161.178873280,1
161.179689280,0
161.680293920,1
161.681131840,0
162.181748000,1
162.182670720,0
162.683309280,1
162.684059200,0
163.184581280,1
163.185280320,0
163.685803520,1
163.686492960,0
164.187029120,1
164.187722240,0
164.688252960,1
164.688902560,0
165.189424800,1
165.190116640,0
165.690681600,1
165.691410560,0
166.191941280,1
166.192594400,0
166.693112640,1
166.693775520,0
167.194304000,1
167.195032320,0
167.695546240,1
167.696492800,0
168.197164000,1
168.198109600,0
168.698796480,1
168.699677440,0
169.200334080,1
169.201213760,0
169.701857920,1
169.702681120,0
170.203319360,1
170.204151040,0
170.704763200,1
170.705660000,0
171.206321600,1
171.207211200,0
171.707855040,1
171.708698720,0
172.209323680,1
172.210218400,0
172.710853600,1
172.711602240,0
173.212112800,1
173.212801440,0
173.713326720,1
173.714032000,0
174.214561920,1
174.215230400,0
174.715739200,1
174.716383200,0
175.216887040,1
175.217569600,0
175.718074880,1
175.718845120,0
176.219348800,1
176.219988480,0
176.720491680,1
176.721179520,0
177.222300800,1
177.223229440,0
177.723827040,1
177.724783520,0
178.225449280,1
178.226351200,0
178.727228800,1
178.728128320,0
179.228778400,1
179.229638560,0
179.730320960,1
179.731172640,0
180.231816000,1
180.232705760,0
180.733348320,1
180.734252800,0
181.234872160,1
181.235746400,0
181.736404160,1
181.737255680,0
182.237977760,1
182.239056960,0
182.742582240,1
182.743102080,0
183.243502400,1
183.243992480,0
183.744303360,1
183.744777280,0
184.245082720,1
184.245559200,0
184.745870400,1
184.746275200,0
185.246577600,1
185.247030400,0
185.747343360,1
185.747836480,0
186.248147200,1
186.248596160,0
186.748910560,1
186.749359680,0
187.249690400,1
187.250305760,0
187.754013600,1
187.755033280,0
188.255916960,1
188.256826720,0
188.757476960,1
188.758369920,0
189.259049760,1
189.259950240,0
189.760602720,1
189.761425440,0
190.262067040,1
190.262976000,0
190.763636480,1
190.764556000,0
191.265205120,1
191.266086560,0
191.766781760,1
191.767619040,0
192.268267520,1
192.269255360,0
192.770431360,1
192.771386880,0
193.272257920,1
193.273182560,0
193.773831840,1
193.774737440,0
194.275417280,1
194.276305760,0
194.776962720,1
194.777803040,0
195.278462560,1
195.279397280,0
195.780056000,1
195.780996000,0
196.281644160,1
196.282522560,0
196.783241440,1
196.784088640,0
197.284733920,1
197.285712320,0
197.786571680,1
197.787300800,0
198.287747840,1
198.288452640,0
198.788894240,1
198.789562400,0
199.290081760,1
199.290752480,0
199.791291520,1
199.791894560,0
200.292322880,1
200.292996960,0
200.793431520,1
200.794126400,0
201.294584160,1
201.295223520,0
201.795661120,1
201.796270720,0
202.296699200,1
202.297416800,0
202.797866400,1
202.798796160,0
203.299441120,1
203.300492320,0
203.801243520,1
203.802187680,0
204.302885120,1
204.303801600,0
204.804448480,1
204.805276000,0
205.305953760,1
205.306888480,0
205.807537440,1
205.808471520,0
206.309128960,1
206.309998080,0
206.810647840,1
206.811516160,0
207.312183680,1
207.313110400,0
207.814415680,1
207.815153280,0
208.315692160,1
208.316411040,0
208.816925440,1
208.817617280,0
209.318185120,1
209.318899040,0
209.819426880,1
209.820079200,0
210.320602400,1
210.321279360,0
210.821807520,1
210.822524800,0
211.323079040,1
211.323719680,0
211.824240800,1
211.824902400,0
212.325454560,1
212.326300640,0
212.848271200,1
212.848980800,0
213.349557120,1
213.350381120,0
213.850927040,1
213.851587520,0
214.352336480,1
214.353048160,0
214.853576000,1
214.854186880,0
215.354700000,1
215.355466720,0
215.855923200,1
215.856617280,0
216.357080000,1
216.357748960,0
216.858228800,1
216.858879040,0
217.359351840,1
217.360324960,0
217.861014880,1
217.861723360,0
218.362270560,1
218.362935360,0
218.863400000,1
218.864101120,0
219.364626080,1
219.365310080,0
219.865832000,1
219.866481120,0
220.367002240,1
220.367673920,0
220.868187200,1
220.868896000,0
221.369412960,1
221.370062880,0
221.870625280,1
221.871290400,0
222.371785440,1
222.372317760,0
222.872630720,1
222.873338880,0
223.373771680,1
223.374629280,0
223.876013920,1
223.876656320,0
224.377140960,1
224.377810880,0
224.878250240,1
224.878908000,0
225.379339840,1
225.379988320,0
225.880420640,1
225.881097120,0
226.381531200,1
226.382146880,0
226.882578560,1
226.883184800,0
227.383625120,1
227.384595040,0
227.885343840,1
227.886041440,0
228.386643200,1
228.387247520,0
228.887710720,1
228.888378880,0
229.388900800,1
229.389574240,0
229.890096320,1
229.890778880,0
230.391299200,1
230.391930560,0
230.892438400,1
230.893117120,0
231.393628800,1
231.394275520,0
231.894797120,1
231.895515840,0
232.396024640,1
232.396584160,0
232.918361760,1
232.919173600,0
233.419838080,1
233.420667360,0
233.921268000,1
233.922142880,0
234.422787200,1
234.423657920,0
234.924287360,1
234.925131360,0
235.425761760,1
235.426626720,0
235.927265280,1
235.928063200,0
236.428699680,1
236.429498560,0
236.930123680,1
236.930761280,0
237.431204480,1
237.431872480,0
237.932279520,1
237.932890080,0
238.433322880,1
238.434972960,0
238.935468000,1
238.936078240,0
239.436513440,1
239.437170240,0
239.937609440,1
239.938238560,0
240.438698560,1
240.439344960,0
240.939778880,1
240.940360320,0
241.440790560,1
241.441437600,0
241.941901280,1
241.942756160,0
242.443387200,1
242.444113760,0
242.944618560,1
242.945455040,0
243.446124960,1
243.447259200,0
243.948627360,1
243.949462880,0
244.450145280,1
244.451099200,0
244.951748160,1
244.952586400,0
245.453217120,1
245.454200960,0
245.954867520,1
245.955692800,0
246.456329440,1
246.457225440,0
246.957865600,1
246.958708960,0
247.459332640,1
247.459931200,0
247.960282080,1
247.960932320,0
248.461420960,1
248.462161280,0
248.962603040,1
248.963303520,0
249.463760000,1
249.464462720,0
249.964895040,1
249.965575680,0
250.466112640,1
250.466847200,0
250.967290240,1
250.967910080,0
251.468376960,1
251.469101440,0
251.969594720,1
251.970233920,0
252.470776480,1
252.471542720,0
252.972244480,1
252.972925440,0
253.473637280,1
253.474445920,0
253.974985280,1
253.975659520,0
254.476372480,1
254.477151200,0
254.977881280,1
254.978582400,0
255.479304000,1
255.479794080,0
255.980106240,1
255.980531520,0
256.480837920,1
256.481335040,0
256.981726880,1
256.982181920,0
257.482579040,1
257.483297120,0
257.983732480,1
257.984347840,0
258.484773120,1
258.485394560,0
258.985787040,1
258.986391840,0
259.486907840,1
259.487590080,0
259.988017920,1
259.988653600,0
260.489094080,1
260.489990560,0
260.990672960,1
260.991494240,0
261.492127040,1
261.493030080,0
261.993662880,1
261.994525440,0
262.495166080,1
262.495892960,0
262.996520640,1
262.997190880,0
263.497886080,1
263.498473280,0
263.998890240,1
263.999565440,0
264.500075840,1
264.500796640,0
265.001309440,1
265.002004960,0
265.502558560,1
265.503300640,0
266.003811360,1
266.004435520,0
266.504950880,1
266.505654240,0
267.006195040,1
267.006902400,0
267.507394720,1
267.508100800,0
268.008534080,1
268.009174080,0
268.509681600,1
268.510279040,0
269.010789440,1
269.011349920,0
269.511831360,1
269.512489120,0
270.012923040,1
270.013544480,0
270.513971680,1
270.514703680,0
271.015228160,1
271.015833760,0
271.516364160,1
271.517039840,0
272.017469760,1
272.018126080,0
272.518565760,1
272.519322880,0
273.020052640,1
273.020787680,0
273.521301120,1
273.522005600,0
274.022590880,1
274.023281120,0
274.523983520,1
274.524696320,0
275.025384800,1
275.026122400,0
275.526858720,1
275.527586720,0
276.028101280,1
276.028737600,0
276.529251200,1
276.529958400,0
277.030703200,1
277.031406880,0
277.532059040,1
277.532773280,0
278.033294560,1
278.033939520,0
278.534452800,1
278.535096480,0
279.035670400,1
279.036334560,0
279.536861600,1
279.537550240,0
280.038008640,1
280.038699680,0
280.539138080,1
280.539824000,0
281.040348800,1
281.040982880,0
281.541504960,1
281.542193120,0
282.042743840,1
282.043408960,0
282.543858240,1
282.544805600,0
283.045439840,1
283.046283520,0
283.546916960,1
283.547772960,0
284.048578240,1
284.049453760,0
284.550084800,1
284.551033280,0
285.051671840,1
285.052560960,0
285.553193440,1
285.554118560,0
286.054762400,1
286.055571840,0
286.556203520,1
286.557109440,0
287.057736480,1
287.058657760,0
287.559279040,1
287.559992960,0
288.060425760,1
288.061067360,0
288.561491040,1
288.562148320,0
289.062582400,1
289.063188800,0
289.563596480,1
289.564257120,0
290.064697280,1
290.065346560,0
290.565782560,1
290.566459040,0
291.066895840,1
291.067521280,0
291.567955200,1
291.568617440,0
292.069045120,1
292.069707520,0
292.570169600,1
292.571163840,0
293.072016160,1
293.072899840,0
293.573555680,1
293.574378400,0
294.075033760,1
294.075857760,0
294.576496320,1
294.577380800,0
295.078019200,1
295.078941600,0
295.579578400,1
295.580501280,0
296.081135840,1
296.081922720,0
296.582581280,1
296.583545280,0
297.084176960,1
297.085046400,0
297.585662560,1
297.586425600,0
298.086937760,1
298.087616960,0
298.588117760,1
298.588818080,0
299.089326240,1
299.090039520,0
299.590563360,1
299.591271680,0
300.091773760,1
300.092454240,0
300.592953440,1
300.593646240,0
301.094205760,1
301.094823040,0
301.595325280,1
301.596028160,0
302.096534080,1
302.097213600,0
302.597707360,1
302.598681280,0
303.099332480,1
303.100196480,0
303.600822560,1
303.601711200,0
304.102348320,1
304.103224000,0
304.603923840,1
304.604793760,0
305.105423520,1
305.106313760,0
305.606944960,1
305.607817760,0
306.108442400,1
306.109303680,0
306.609925760,1
306.610884480,0
307.111506080,1
307.112442080,0
307.613095680,1
307.613872640,0
308.114434560,1
308.115140320,0
308.615667680,1
308.616380640,0
309.116887520,1
309.117588960,0
309.618122240,1
309.618772800,0
310.119272960,1
310.119954560,0
310.620453760,1
310.621143360,0
311.121637920,1
311.122303200,0
311.622805760,1
311.623478560,0
312.123967840,1
312.124704000,0
312.625201280,1
312.626161280,0
313.126843520,1
313.127771360,0
313.628422560,1
313.629300320,0
314.129994720,1
314.130949440,0
314.631580160,1
314.632370240,0
315.132991680,1
315.133884480,0
315.634557120,1
315.635419360,0
316.136046080,1
316.136906400,0
316.637522880,1
316.638418400,0
317.139034080,1
317.139943520,0
317.640563040,1
317.641332000,0
318.141856320,1
318.142636800,0
318.643145920,1
318.643851040,0
319.144366880,1
319.145072800,0
319.645578400,1
319.646235520,0
320.146748640,1
320.147464320,0
320.647960480,1
320.648671040,0
321.149174400,1
321.149849600,0
321.650409120,1
321.651119840,0
322.151626560,1
322.152371200,0
322.652883040,1
322.653849120,0
323.154529760,1
323.155435360,0
323.656057280,1
323.656944480,0
324.157573440,1
324.158502400,0
324.659135360,1
324.659938400,0
325.160564320,1
325.161459200,0
325.662118720,1
325.662971840,0
326.163591200,1
326.164480800,0
326.665106720,1
326.666015680,0
327.166700800,1
327.167662080,0
327.668300160,1
327.669291360,0
328.169954880,1
328.170892480,0
328.671541280,1
328.672447840,0
329.173094880,1
329.174058400,0
329.674778560,1
329.675571360,0
330.176186880,1
330.176872160,0
330.678105120,1
330.678744960,0
331.179169920,1
331.179827200,0
331.680254240,1
331.680864160,0
332.181287840,1
332.182004000,0
332.682432320,1
332.683140160,0
333.183576000,1
333.184284320,0
333.684717120,1
333.685364640,0
334.185791200,1
334.186524320,0
334.686964800,1
334.687535840,0
335.187995520,1
335.188927680,0
335.689567680,1
335.690432160,0
336.191080160,1
336.191961440,0
336.692596320,1
336.693496160,0
337.194130560,1
337.195054400,0
337.695668480,1
337.696382240,0
338.218180160,1
338.218892960,0
338.719324160,1
338.719955680,0
339.220396800,1
339.221069120,0
339.721496800,1
339.722188320,0
340.222644640,1
340.223266080,0
340.723667200,1
340.724375680,0
341.224808480,1
341.225431360,0
341.725837920,1
341.726537280,0
342.227037120,1
342.227892320,0
342.728503040,1
342.729232480,0
343.229932960,1
343.230655040,0
343.731375040,1
343.732069760,0
344.232658400,1
344.233337760,0
344.733860960,1
344.734545600,0
345.235060800,1
345.235756320,0
345.736270560,1
345.736994240,0
346.237514080,1
346.238176800,0
346.738705600,1
346.739370560,0
347.239936000,1
347.240727680,0
347.741349440,1
347.742071200,0
348.242640320,1
348.243343680,0
348.743864000,1
348.744522880,0
349.244959840,1
349.245620640,0
349.746062720,1
349.746674240,0
350.247105600,1
350.247774720,0
350.748203840,1
350.748857920,0
351.249258400,1
351.249934880,0
351.750462720,1
351.751095360,0
352.251986560,1
352.253163520,0
352.753892960,1
352.754638720,0
353.255151520,1
353.255889280,0
353.756390400,1
353.757111840,0
354.257805760,1
354.258573600,0
354.759242400,1
354.759919680,0
355.260628320,1
355.261359680,0
355.761873440,1
355.762633120,0
356.263139840,1
356.263873920,0
356.764410240,1
356.765101600,0
357.265607520,1
357.266425760,0
357.767158720,1
357.767870240,0
358.268313760,1
358.269025760,0
358.769452960,1
358.770110880,0
359.270547840,1
359.271229280,0
359.771743040,1
359.772327520,0
360.272768800,1
360.273454720,0
360.773902240,1
360.774605120,0
361.275126080,1
361.275795520,0
361.776226880,1
361.776853760,0
362.277301440,1
362.278036960,0
362.778561920,1
362.779288640,0
363.279976800,1
363.280776960,0
363.781359200,1
363.782077120,0
364.282638080,1
364.283316960,0
364.783863840,1
364.784521920,0
365.285074560,1
365.285770400,0
365.786376640,1
365.787125280,0
366.287680320,1
366.288367200,0
366.788912800,1
366.789579840,0
367.290131200,1
367.290927360,0
367.792266080,1
367.793235520,0
368.293973600,1
368.294935040,0
368.795572320,1
368.796515200,0
369.297185920,1
369.298096640,0
369.798783840,1
369.799787360,0
370.300600160,1
370.301508640,0
370.802150240,1
370.803072800,0
371.303731040,1
371.304583360,0
371.805246080,1
371.806137760,0
372.308409280,1
372.309298400,0
372.810006720,1
372.810961600,0
373.311792800,1
373.312715040,0
373.813357440,1
373.814294400,0
374.314934880,1
374.315876800,0
374.816514080,1
374.817361440,0
375.318036320,1
375.319001760,0
375.819648800,1
375.820550240,0
376.321167360,1
376.322076640,0
376.822883680,1
376.823789760,0
377.324897440,1
377.326125120,0
377.849322880,1
377.850049600,0
378.350564640,1
378.351280480,0
378.851716640,1
378.852384000,0
379.352822880,1
379.353522560,0
379.853961600,1
379.854586400,0
380.355033760,1
380.355705600,0
380.856135680,1
380.856834080,0
381.357265600,1
381.357923360,0
381.858410720,1
381.859020640,0
382.359483840,1
382.360469280,0
382.861153760,1
382.861869920,0
383.362377280,1
383.363004640,0
383.863540480,1
383.864216960,0
384.364773120,1
384.365494400,0
384.866020000,1
384.866674080,0
385.367194080,1
385.367893760,0
385.868405440,1
385.869121600,0
386.369651360,1
386.370353120,0
386.870874560,1
386.871524320,0
387.372016000,1
387.372547520,0
387.872863680,1
387.873572960,0
388.374015680,1
388.375838240,0
388.876325760,1
388.876973280,0
389.377405920,1
389.378104800,0
389.878545600,1
389.879172800,0
390.379602400,1
390.380282720,0
390.880711040,1
390.881415520,0
391.381850240,1
391.382521440,0
391.882956960,1
391.883573920,0
392.384031360,1
392.385185920,0
392.885866720,1
392.886568800,0
393.387057760,1
393.387683520,0
393.888134400,1
393.888826400,0
394.389344640,1
394.390066400,0
394.890587200,1
394.891240480,0
395.391758880,1
395.392489440,0
395.893007520,1
395.893764000,0
396.394291680,1
396.394962560,0
396.895486400,1
396.896131200,0
397.396634880,1
397.397313440,0
397.897772480,1
397.898675360,0
398.399320320,1
398.400266560,0
398.900871200,1
398.901764000,0
399.402432000,1
399.403345600,0
399.903977760,1
399.904833120,0
400.405459040,1
400.406354560,0
400.907130400,1
400.908048800,0
401.408681600,1
401.409517120,0
401.910149600,1
401.911046560,0
402.411669600,1
402.412488480,0
402.934312640,1
402.934952480,0
403.435446880,1
403.436165440,0
403.936677600,1
403.937327520,0
404.437872640,1
404.438593280,0
404.939097760,1
404.939756160,0
405.440266080,1
405.440964800,0
405.941475520,1
405.942099200,0
406.442611840,1
406.443260000,0
406.943778240,1
406.944434880,0
407.444925440,1
407.445675680,0
407.946112480,1
407.946726240,0
408.447157440,1
408.447779680,0
408.948154240,1
408.948757120,0
409.449185600,1
409.449884480,0
409.950334400,1
409.950944320,0
410.451368000,1
410.452037280,0
410.952459680,1
410.953040480,0
411.453463040,1
411.454148960,0
411.954585120,1
411.955207840,0
412.455656640,1
412.456355840,0
412.956866240,1
412.957496480,0
413.458008800,1
413.458797600,0
413.959350560,1
413.960007360,0
414.460517920,1
414.461145760,0
414.961677760,1
414.962325600,0
415.462853120,1
415.463587840,0
415.964125920,1
415.964736320,0
416.465249440,1
416.465920960,0
416.966446880,1
416.967109120,0
417.467609280,1
417.468271520,0
417.968672800,1
417.969250720,0
418.469658560,1
418.470307840,0
418.970677760,1
418.971272160,0
419.471696320,1
419.472401280,0
419.972837120,1
419.973412960,0
420.473811040,1
420.474501600,0
420.974943840,1
420.975510720,0
421.475938880,1
421.476613440,0
421.977054400,1
421.977664320,0
422.478136160,1
422.478981120,0
422.979536960,1
422.980356000,0
423.480976640,1
423.481855680,0
423.982450080,1
423.983301440,0
424.483931040,1
424.484840320,0
424.985459840,1
424.986381440,0
425.487016960,1
425.487890080,0
425.988529600,1
425.989373120,0
426.490012480,1
426.490886880,0
426.991525280,1
426.992370240,0
427.492993760,1
427.493886880,0
427.994480480,1
427.995302720,0
428.495940160,1
428.496835840,0
428.997416160,1
428.998328960,0
429.498986240,1
429.500040160,0
430.000796800,1
430.001655840,0
430.502358400,1
430.503323360,0
431.003958400,1
431.004740000,0
431.505376160,1
431.506366720,0
432.006987520,1
432.007803680,0
432.508411840,1
432.509218880,0
433.009775520,1
433.010421600,0
433.510929120,1
433.511639840,0
434.012148480,1
434.012802560,0
434.513305440,1
434.514052160,0
435.014556960,1
435.015215040,0
435.515709760,1
435.516462240,0
436.016962880,1
436.017601280,0
436.518129280,1
436.518879840,0
437.019393280,1
437.020066400,0
437.520569920,1
437.521577600,0
438.022291840,1
438.023148960,0
438.523771040,1
438.524524000,0
439.025060960,1
439.025867360,0
439.526489280,1
439.527414080,0
440.028045280,1
440.028832480,0
440.529454080,1
440.530374240,0
441.030968960,1
441.031777600,0
441.532406720,1
441.533334080,0
442.033958720,1
442.034832800,0
442.535480640,1
442.536240320,0
443.058040800,1
443.058708160,0
443.559221760,1
443.559868960,0
444.060353760,1
444.061028640,0
444.561541760,1
444.562258880,0
445.062768000,1
445.063426720,0
445.563921760,1
445.564613120,0
446.065122240,1
446.065728800,0
446.566247200,1
446.566952160,0
447.067455040,1
447.068155840,0
447.568674880,1
447.569618240,0
448.070319840,1
448.071155040,0
448.571765440,1
448.572582880,0
449.073190080,1
449.074077920,0
449.574713120,1
449.575595840,0
450.076224960,1
450.077110400,0
450.577740000,1
450.578627200,0
451.079264000,1
451.080080960,0
451.580723840,1
451.581629120,0
452.082311520,1
452.083212640,0
452.583864640,1
452.584611680,0
453.085108320,1
453.085601120,0
453.585903680,1
453.586355840,0
454.086659040,1
454.087100160,0
454.587396960,1
454.587830400,0
455.088132480,1
455.088574720,0
455.588875520,1
455.589336800,0
456.089642720,1
456.090062400,0
456.590362240,1
456.590825760,0
457.091125120,1
457.091592960,0
457.591897280,1
457.592607040,0
458.093207360,1
458.094119840,0
458.594750560,1
458.595593120,0
459.096225600,1
459.097073440,0
459.597709600,1
459.598585440,0
460.099212640,1
460.100048640,0
460.600673440,1
460.601563520,0
461.102224960,1
461.103008000,0
461.603639680,1
461.604541120,0
462.105166560,1
462.106085760,0
462.606719200,1
462.607659040,0
463.108314080,1
463.109196800,0
463.609845440,1
463.610678880,0
464.111279840,1
464.112146240,0
464.612786400,1
464.613652960,0
465.114293120,1
465.115182400,0
465.615838240,1
465.616748960,0
466.117389760,1
466.118250720,0
466.618890080,1
466.619769440,0
467.120398080,1
467.121303200,0
467.621968160,1
467.622669760,0
468.123108640,1
468.123771520,0
468.624198720,1
468.624840960,0
469.125266880,1
469.125941280,0
469.626367200,1
469.627005920,0
470.127434400,1
470.128141120,0
470.628624480,1
470.629268480,0
471.129692160,1
471.130356160,0
471.630781600,1
471.631412640,0
472.131832000,1
472.132551040,0
472.632989600,1
472.633916640,0
473.134569920,1
473.135479840,0
473.636113600,1
473.637007360,0
474.137643360,1
474.138575680,0
474.639207360,1
474.639999040,0
475.140622880,1
475.141574240,0
475.642203200,1
475.643082080,0
476.143715520,1
476.144624160,0
476.645251520,1
476.646175680,0
477.146804320,1
477.147742080,0
477.648343840,1
477.648840800,0
478.149147520,1
478.149640960,0
478.649957440,1
478.650407840,0
479.150708640,1
479.151194080,0
479.651491680,1
479.651921280,0
480.152221440,1
480.152713920,0
480.653011520,1
480.653448160,0
481.153749120,1
481.154220640,0
481.654522080,1
481.654983680,0
482.155288000,1
482.155789760,0
482.656104800,1
482.657026080,0
483.157668000,1
483.158606080,0
483.659252320,1
483.660137120,0
484.160764480,1
484.161700640,0
484.662328000,1
484.663142080,0
485.163792320,1
485.164726560,0
485.665360320,1
485.666255520,0
486.166905760,1
486.167821120,0
486.668453920,1
486.669286560,0
487.170032800,1
487.170996000,0
487.671616960,1
487.672130240,0
488.172443680,1
488.172936480,0
488.673242240,1
488.673708800,0
489.174015840,1
489.174507040,0
489.674809440,1
489.675204640,0
490.175503680,1
490.175986720,0
490.676282400,1
490.676724480,0
491.177024800,1
491.177506400,0
491.677836000,1
491.678277280,0
492.178580160,1
492.179099520,0
492.679424800,1
492.680271680,0
493.180864000,1
493.181813280,0
493.682462240,1
493.683367040,0
494.184012000,1
494.184939040,0
494.685580320,1
494.686512960,0
495.187157280,1
495.188128320,0
495.688843360,1
495.689738400,0
496.190360160,1
496.191231200,0
496.691840480,1
496.692743040,0
497.193419040,1
497.194328160,0
497.694947520,1
497.695685920,0
498.196200960,1
498.196938400,0
498.697485280,1
498.698172480,0
499.198676800,1
499.199380480,0
499.699884160,1
499.700535360,0
500.201073760,1
500.201811680,0
500.702328640,1
500.702993600,0
501.203498080,1
501.204199040,0
501.704715840,1
501.705402560,0
502.205902400,1
502.206633120,0
502.707142560,1
502.708100160,0
503.208761920,1
503.209687520,0
503.710343840,1
503.711221120,0
504.211871360,1
504.212812960,0
504.713451360,1
504.714252320,0
505.214879040,1
505.215814400,0
505.716461440,1
505.717314400,0
506.218009440,1
506.218933600,0
506.719569440,1
506.720398560,0
507.221331040,1
507.222524640,0
507.723265280,1
507.724213760,0
508.224861760,1
508.225809920,0
508.726597280,1
508.727468320,0
509.228151200,1
509.229049920,0
509.729734240,1
509.730539200,0
510.231214560,1
510.232115840,0
510.732960320,1
510.733922400,0
511.234552640,1
511.235444800,0
511.736127840,1
511.736980320,0
512.237678720,1
512.241000960,0
512.741962560,1
512.742918560,0
513.243755360,1
513.244695680,0
513.745360960,1
513.746264480,0
514.246958720,1
514.247855680,0
514.748535040,1
514.749330720,0
515.250006080,1
515.250954720,0
515.508792640,0
