Time [s],Channel 1,Channel 2
4.805375840,1,1
5.305673760,0,1
5.306000800,0,0
5.806054720,1,0
5.806373280,1,1
6.306373760,0,1
6.306623840,0,0
6.806738880,1,0
6.806982720,1,1
7.307059840,0,1
7.307306400,0,0
7.807327840,1,0
7.807522880,1,1
8.307527200,0,1
8.307706720,0,0
8.807716800,1,0
8.807903520,1,1
9.307911840,0,1
9.308089440,0,0
9.808098080,1,0
9.808288320,1,1
10.308303200,0,1
10.308485280,0,0
10.808520800,1,0
10.808706400,1,1
11.308726400,0,1
11.308993280,0,0
11.808944480,1,0
11.809220640,1,1
12.309140800,0,1
12.309459360,0,0
12.809385920,1,0
12.809746720,1,1
13.309778720,0,1
13.310121760,0,0
13.810161600,1,0
13.810472640,1,1
14.310516000,0,1
14.310851680,0,0
14.810915200,1,0
14.811243040,1,1
15.311295680,0,1
15.311579840,0,0
15.811648320,1,0
15.811984480,1,1
16.311969120,0,1
16.312303200,0,0
16.812304800,1,0
16.812631680,1,1
17.312650720,0,1
17.312989600,0,0
17.812941920,1,0
17.813241440,1,1
18.313200160,0,1
18.313501440,0,0
18.813538080,1,0
18.813876640,1,1
19.313928480,0,1
19.314262560,0,0
19.814336480,1,0
19.814652480,1,1
20.314718560,0,1
20.314957760,0,0
20.815019360,1,0
20.815346880,1,1
21.315344640,0,1
21.315672000,0,0
21.815679680,1,0
21.816000160,1,1
22.316004800,0,1
22.316333760,0,0
22.816294720,1,0
22.816599840,1,1
23.316564000,0,1
23.316877600,0,0
23.816876480,1,0
23.817186720,1,1
24.317189440,0,1
24.317504640,0,0
24.817523520,1,0
24.817853920,1,1
25.317879200,0,1
25.318101120,0,0
25.818169280,1,0
25.818489280,1,1
26.318495680,0,1
26.318747040,0,0
26.818840960,1,0
26.819084800,1,1
27.319170080,0,1
27.319409600,0,0
27.819476640,1,0
27.819696160,1,1
28.319788000,0,1
28.320020320,0,0
28.820121280,1,0
28.820347520,1,1
29.320434240,0,1
29.320680000,0,0
29.820773600,1,0
29.821015680,1,1
30.321110880,0,1
30.321340960,0,0
30.821456000,1,0
30.821669280,1,1
31.321819040,0,1
31.322165760,0,0
31.822159840,1,0
31.822496160,1,1
32.322489280,0,1
32.322847680,0,0
32.822769440,1,0
32.823046080,1,1
33.322977920,0,1
33.323256480,0,0
33.823181760,1,0
33.823469280,1,1
34.323383520,0,1
34.323659040,0,0
34.823577440,1,0
34.823849920,1,1
35.323766720,0,1
35.324032160,0,0
35.823957440,1,0
35.824197760,1,1
36.324135840,0,1
36.324417120,0,0
36.824327200,1,0
36.824637280,1,1
37.324524960,0,1
37.324808800,0,0
37.824786880,1,0
37.825131840,1,1
38.325153920,0,1
38.325475360,0,0
38.825483520,1,0
38.825808480,1,1
39.325869280,0,1
39.326198880,0,0
39.826218880,1,0
39.826546240,1,1
40.326554880,0,1
40.326864640,0,0
40.826890080,1,0
40.827155200,1,1
41.327194240,0,1
41.327526560,0,0
41.827529280,1,0
41.827854080,1,1
42.327861120,0,1
42.328189760,0,0
42.828138880,1,0
42.828422880,1,1
43.328343520,0,1
43.328599200,0,0
43.828574560,1,0
43.828851360,1,1
44.328802880,0,1
44.329072000,0,0
44.829021760,1,0
44.829288000,1,1
45.329236800,0,1
45.329503040,0,0
45.829456480,1,0
45.829637440,1,1
46.329643360,0,1
46.329824000,0,0
46.829842720,1,0
46.830024480,1,1
47.330033600,0,1
47.330218080,0,0
47.830286880,1,0
47.830550240,1,1
48.330657120,0,1
48.330886720,0,0
48.831214240,1,0
48.831473760,1,1
49.331764800,0,1
49.332007200,0,0
49.832390240,1,0
49.832632960,1,1
50.332928160,0,1
50.333166560,0,0
50.833514880,1,0
50.833802880,1,1
51.334085600,0,1
51.334412320,0,0
51.834612640,1,0
51.834938880,1,1
52.334982880,0,1
52.335315360,0,0
52.835278240,1,0
52.835582560,1,1
53.335587360,0,1
53.335918720,0,0
53.835928000,1,0
53.836247840,1,1
54.336255200,0,1
54.336569120,0,0
54.836592000,1,0
54.836918720,1,1
55.336931680,0,1
55.337247200,0,0
55.837267840,1,0
55.837595840,1,1
56.337585440,0,1
56.337875040,0,0
56.837912640,1,0
56.838245920,1,1
57.338255360,0,1
57.338591840,0,0
57.838686720,1,0
57.839002560,1,1
58.338996960,0,1
58.339311040,0,0
58.839497600,1,0
58.839832160,1,1
59.340048640,0,1
59.340395200,0,0
59.840444000,1,0
59.840793120,1,1
60.340768960,0,1
60.341066080,0,0
60.841120160,1,0
60.841456800,1,1
61.341503840,0,1
61.341733600,0,0
61.841888640,1,0
61.842138880,1,1
62.342270720,0,1
62.342517760,0,0
62.842575200,1,0
62.842790560,1,1
63.342877120,0,1
63.343109440,0,0
63.843245920,1,0
63.843472320,1,1
64.343556160,0,1
64.343789280,0,0
64.843889600,1,0
64.844125760,1,1
65.344219840,0,1
65.344433920,0,0
65.844521760,1,0
65.844760320,1,1
66.344841760,0,1
66.345068960,0,0
66.845119040,1,0
66.845461120,1,1
67.345472800,0,1
67.345807200,0,0
67.845755040,1,0
67.846041920,1,1
68.345963200,0,1
68.346228640,0,0
68.846163200,1,0
68.846443200,1,1
69.346360960,0,1
69.346630720,0,0
69.846546080,1,0
69.846816320,1,1
70.346734880,0,1
70.346978560,0,0
70.846904160,1,0
70.847188000,1,1
71.347084960,0,1
71.347359680,0,0
71.847270080,1,0
71.847543040,1,1
72.347452640,0,1
72.347729760,0,0
72.847705440,1,0
72.848048640,1,1
73.348086560,0,1
73.348428320,0,0
73.848435520,1,0
73.848766400,1,1
74.348755200,0,1
74.349094240,0,0
74.849086400,1,0
74.849421600,1,1
75.349433280,0,1
75.349736320,0,0
75.849729920,1,0
75.850056800,1,1
76.350084000,0,1
76.350322400,0,0
76.850413440,1,0
76.850644480,1,1
77.350738080,0,1
77.350978560,0,0
77.851023360,1,0
77.851221600,1,1
78.351233440,0,1
78.351406720,0,0
78.851434080,1,0
78.851630560,1,1
79.351629760,0,1
79.351810400,0,0
79.851814880,1,0
79.852003520,1,1
80.352003680,0,1
80.352168640,0,0
80.852180160,1,0
80.852362080,1,1
81.352361920,0,1
81.352621920,0,0
81.852546080,1,0
81.852764000,1,1
82.352713760,0,1
82.352991840,0,0
82.852982240,1,0
82.853332160,1,1
83.353448000,0,1
83.353683520,0,0
83.853769120,1,0
83.854019200,1,1
84.354102720,0,1
84.354341440,0,0
84.854473760,1,0
84.854709600,1,1
85.354840640,0,1
85.355075680,0,0
85.855198080,1,0
85.855432000,1,1
86.355548960,0,1
86.355784800,0,0
86.855913120,1,0
86.856100960,1,1
87.356218560,0,1
87.356453760,0,0
87.856492960,1,0
87.856680160,1,1
88.356692160,0,1
88.356943680,0,0
88.856895360,1,0
88.857167520,1,1
89.357111040,0,1
89.357380960,0,0
89.857320960,1,0
89.857589920,1,1
90.357507200,0,1
90.357748480,0,0
90.857677440,1,0
90.857940480,1,1
91.357857120,0,1
91.358041280,0,0
91.858043040,1,0
91.858153920,1,1
92.358196960,0,1
92.358373760,0,0
92.858466240,1,0
92.858712480,1,1
93.358809920,0,1
93.359046240,0,0
93.859130080,1,0
93.859380000,1,1
94.359465440,0,1
94.359692160,0,0
94.859821920,1,0
94.860061440,1,1
95.360224000,0,1
95.360448160,0,0
95.860564160,1,0
95.860917440,1,1
96.360921600,0,1
96.361251200,0,0
96.861280000,1,0
96.861630080,1,1
97.361668160,0,1
97.361992960,0,0
97.862074720,1,0
97.862420160,1,1
98.362473760,0,1
98.362801920,0,0
98.862844480,1,0
98.863166080,1,1
99.363160000,0,1
99.363477120,0,0
99.863482240,1,0
99.863853120,1,1
100.363822560,0,1
100.364157760,0,0
100.864118080,1,0
100.864521760,1,1
101.364432000,0,1
101.364770400,0,0
101.864768640,1,0
101.865091360,1,1
102.365148320,0,1
102.365444640,0,0
102.865452800,1,0
102.865768160,1,1
103.365760320,0,1
103.366076480,0,0
103.866058720,1,0
103.866376640,1,1
104.366343680,0,1
104.366658720,0,0
104.866659200,1,0
104.866988480,1,1
105.367027680,0,1
105.367332160,0,0
105.867362560,1,0
105.867766240,1,1
106.367725120,0,1
106.368041920,0,0
106.868123360,1,0
106.868448000,1,1
107.368472480,0,1
107.368727680,0,0
107.868717440,1,0
107.869186880,1,1
108.368920800,0,1
108.369176000,0,0
108.869111360,1,0
108.869379520,1,1
109.369308480,0,1
109.369567840,0,0
109.869496480,1,0
109.869769280,1,1
110.369686720,0,1
110.369942880,0,0
110.869859680,1,0
110.870257280,1,1
111.370040960,0,1
111.370301600,0,0
111.870227040,1,0
111.870493920,1,1
112.370416960,0,1
112.370623520,0,0
112.870625280,1,0
112.870964960,1,1
113.370956320,0,1
113.371293760,0,0
113.871260640,1,0
113.871572800,1,1
114.371572640,0,1
114.371883200,0,0
114.871924320,1,0
114.872257440,1,1
115.372283360,0,1
115.372596320,0,0
115.872662400,1,0
115.873977440,1,1
116.373074880,0,1
116.373327040,0,0
116.873464320,1,0
116.873709120,1,1
117.373836800,0,1
117.374071200,0,0
117.874117760,1,0
117.874310720,1,1
118.374321440,0,1
118.374496000,0,0
118.874521280,1,0
118.874711360,1,1
119.374725760,0,1
119.374907520,0,0
119.874920320,1,0
119.875114880,1,1
120.375120480,0,1
120.375312960,0,0
120.875298080,1,0
120.875552320,1,1
121.375481920,0,1
121.375752640,0,0
121.875667200,1,0
121.875926880,1,1
122.375848000,0,1
122.376113760,0,0
122.876106240,1,0
122.876428800,1,1
123.376457440,0,1
123.376774720,0,0
123.876790880,1,0
123.877331040,1,1
124.377149440,0,1
124.377481120,0,0
124.877484320,1,0
124.877808160,1,1
125.377824160,0,1
125.378135040,0,0
125.878134240,1,0
125.879714560,1,1
126.378460640,0,1
126.378779840,0,0
126.878788160,1,0
126.879113920,1,1
127.379056800,0,1
127.379312960,0,0
127.879259840,1,0
127.879502720,1,1
128.379445920,0,1
128.379703360,0,0
128.879650880,1,0
128.879952640,1,1
129.379851520,0,1
129.380109120,0,0
129.880041280,1,0
129.880499200,1,1
130.380235360,0,1
130.380489920,0,0
130.880409440,1,0
130.881945280,1,1
131.380592800,0,1
131.380773280,0,0
131.880781440,1,0
131.880986720,1,1
132.381068160,0,1
132.381293280,0,0
132.881388160,1,0
132.881569440,1,1
133.381668320,0,1
133.381905920,0,0
133.882031200,1,0
133.882264160,1,1
134.382397760,0,1
134.382640960,0,0
134.882735840,1,0
134.882974880,1,1
135.383129120,0,1
135.383350400,0,0
135.883495040,1,0
135.883931520,1,1
136.383870880,0,1
136.384193920,0,0
136.884263200,1,0
136.884610400,1,1
137.384612480,0,1
137.384937280,0,0
137.884993760,1,0
137.885361120,1,1
138.385340480,0,1
138.385633440,0,0
138.885681120,1,0
138.885989760,1,1
139.386010240,0,1
139.386328640,0,0
139.886342240,1,0
139.886690880,1,1
140.386703840,0,1
140.387015200,0,0
140.887017280,1,0
140.887460800,1,1
141.387339520,0,1
141.387668640,0,0
141.887676960,1,0
141.888011680,1,1
142.388002080,0,1
142.388318880,0,0
142.888329920,1,0
142.888684160,1,1
143.388656960,0,1
143.389008160,0,0
143.889074080,1,0
143.889405280,1,1
144.389385600,0,1
144.389703680,0,0
144.889727360,1,0
144.890071680,1,1
145.390064000,0,1
145.390364960,0,0
145.890372480,1,0
145.890815360,1,1
146.390703680,0,1
146.391032960,0,0
146.891035680,1,0
146.891367360,1,1
147.391362080,0,1
147.391676160,0,0
147.891665120,1,0
147.892006240,1,1
148.392027200,0,1
148.392327840,0,0
148.892375200,1,0
148.892684640,1,1
149.392749760,0,1
149.393081760,0,0
149.893120160,1,0
149.893456000,1,1
150.393520800,0,1
150.393825920,0,0
150.893821280,1,0
150.894197440,1,1
151.394130560,0,1
151.394457760,0,0
151.894459520,1,0
151.894798720,1,1
152.394803040,0,1
152.395145600,0,0
152.895090880,1,0
152.895377600,1,1
153.395303040,0,1
153.395491200,0,0
153.895489920,1,0
153.895822080,1,1
154.395691040,0,1
154.395945760,0,0
154.895881120,1,0
154.896156640,1,1
155.396069920,0,1
155.396329920,0,0
155.896249920,1,0
155.896604480,1,1
156.396433920,0,1
156.396706880,0,0
156.896637120,1,0
156.896914080,1,1
157.396832640,0,1
157.397093760,0,0
157.897090560,1,0
157.897453120,1,1
158.397444800,0,1
158.397666880,0,0
158.897727840,1,0
158.898072960,1,1
159.398067520,0,1
159.398378560,0,0
159.898444960,1,0
159.898797920,1,1
160.398848800,0,1
160.399165440,0,0
160.899209600,1,0
160.899846560,1,1
161.399570720,0,1
161.399824640,0,0
161.899928640,1,0
161.900186560,1,1
162.400265440,0,1
162.400501440,0,0
162.900728480,1,0
162.900988960,1,1
163.401124800,0,1
163.401357440,0,0
163.901485440,1,0
163.901733600,1,1
164.401865760,0,1
164.402106080,0,0
164.903229280,1,0
164.903449440,1,1
165.404077920,0,1
165.404269280,0,0
165.904280480,1,0
165.904559520,1,1
166.404471520,0,1
166.404737920,0,0
166.904680160,1,0
166.904958720,1,1
167.404861440,0,1
167.405132800,0,0
167.905052000,1,0
167.905383040,1,1
168.405237120,0,1
168.405491680,0,0
168.905436160,1,0
168.905703360,1,1
169.405650880,0,1
169.405919520,0,0
169.905859680,1,0
169.906133120,1,1
170.406136000,0,1
170.406444320,0,0
170.906424160,1,0
170.906786400,1,1
171.406730720,0,1
171.407054080,0,0
171.907045760,1,0
171.907387840,1,1
172.407354880,0,1
172.407673920,0,0
172.907661440,1,0
172.908009120,1,1
173.407962240,0,1
173.408277120,0,0
173.908258400,1,0
173.908597920,1,1
174.408565120,0,1
174.408873440,0,0
174.908885600,1,0
174.909217440,1,1
175.409204800,0,1
175.409506240,0,0
175.909506560,1,0
175.909850560,1,1
176.409825920,0,1
176.410065920,0,0
176.910141440,1,0
176.910381440,1,1
177.410457920,0,1
177.410692480,0,0
177.910774240,1,0
177.911029280,1,1
178.411100480,0,1
178.411319680,0,0
178.911453440,1,0
178.911641440,1,1
179.411738080,0,1
179.411976000,0,0
179.912044000,1,0
179.912274080,1,1
180.412350400,0,1
180.412625920,0,0
180.912702400,1,0
180.912986560,1,1
181.413022560,0,1
181.413354880,0,0
181.913345760,1,0
181.913687680,1,1
182.413717280,0,1
182.414051520,0,0
182.913994400,1,0
182.914293120,1,1
183.414187200,0,1
183.414449440,0,0
183.914343360,1,0
183.914616480,1,1
184.414546400,0,1
184.414811520,0,0
184.914752000,1,0
184.915030400,1,1
185.414935040,0,1
185.415193120,0,0
185.915104800,1,0
185.915431520,1,1
186.415276480,0,1
186.415538720,0,0
186.915453280,1,0
186.915730080,1,1
187.415625760,0,1
187.415892000,0,0
187.915858880,1,0
187.916230240,1,1
188.416220320,0,1
188.416580320,0,0
188.916621440,1,0
188.916954720,1,1
189.416963680,0,1
189.417251840,0,0
189.917259200,1,0
189.917603520,1,1
190.417628160,0,1
190.417930400,0,0
190.917926720,1,0
190.918260320,1,1
191.418233440,0,1
191.418467040,0,0
191.918556640,1,0
191.918788160,1,1
192.418912160,0,1
192.419149920,0,0
192.919174880,1,0
192.919372640,1,1
193.419379520,0,1
193.419550240,0,0
193.919589440,1,0
193.919774240,1,1
194.419801120,0,1
194.419944640,0,0
194.919988480,1,0
194.920176320,1,1
195.420171360,0,1
195.420336160,0,0
195.920341600,1,0
195.920557760,1,1
196.420515520,0,1
196.420770240,0,0
196.920721120,1,0
196.920996320,1,1
197.420916480,0,1
197.421179200,0,0
197.921172000,1,0
197.921718240,1,1
198.421499680,0,1
198.421811200,0,0
198.921876640,1,0
198.922218400,1,1
199.422241120,0,1
199.422468000,0,0
199.922518560,1,0
199.922843040,1,1
200.422825600,0,1
200.423165280,0,0
200.923156320,1,0
200.923504960,1,1
201.423542240,0,1
201.423908800,0,0
201.923904480,1,0
201.924237440,1,1
202.424263360,0,1
202.424580480,0,0
202.924585920,1,0
202.924932480,1,1
203.424907840,0,1
203.425232640,0,0
203.925257760,1,0
203.925588640,1,1
204.425639040,0,1
204.425962720,0,0
204.925996480,1,0
204.926317760,1,1
205.426295040,0,1
205.426608800,0,0
205.926580800,1,0
205.927467040,1,1
206.426885920,0,1
206.427124960,0,0
206.927201600,1,0
206.927438240,1,1
207.427506080,0,1
207.427737120,0,0
207.927809600,1,0
207.928072960,1,1
208.428224800,0,1
208.428458560,0,0
208.928602400,1,0
208.928858240,1,1
209.428968480,0,1
209.429211360,0,0
209.929355680,1,0
209.929567360,1,1
210.429675360,0,1
210.429896800,0,0
210.929980640,1,0
210.930250240,1,1
211.430291840,0,1
211.430617600,0,0
211.930603040,1,0
211.931462880,1,1
212.430911840,0,1
212.431236000,0,0
212.931235840,1,0
212.931588480,1,1
213.431562560,0,1
213.431890560,0,0
213.931901440,1,0
213.932262720,1,1
214.432266880,0,1
214.432585280,0,0
214.932618240,1,0
214.932878080,1,1
215.432910400,0,1
215.433236160,0,0
215.933218240,1,0
215.933613760,1,1
216.433522240,0,1
216.433862560,0,0
216.933831360,1,0
216.934152320,1,1
217.434155040,0,1
217.434473120,0,0
217.934406880,1,0
217.934699360,1,1
218.434587680,0,1
218.434845120,0,0
218.934773440,1,0
218.935050880,1,1
219.434963040,0,1
219.435225920,0,0
219.935144800,1,0
219.935336480,1,1
220.435306400,0,1
220.435593280,0,0
220.935479040,1,0
220.935778240,1,1
221.435652320,0,1
221.435848800,0,0
221.935831200,1,0
221.936016800,1,1
222.436021760,0,1
222.436204320,0,0
222.936285280,1,0
222.936542240,1,1
223.436588320,0,1
223.436819520,0,0
223.936910080,1,0
223.937168000,1,1
224.437235040,0,1
224.437469280,0,0
224.937495680,1,0
224.937683520,1,1
225.437676160,0,1
225.437841920,0,0
225.937845920,1,0
225.938035680,1,1
226.438017280,0,1
226.438310560,0,0
226.938194240,1,0
226.938514240,1,1
227.438364960,0,1
227.438626880,0,0
227.938544640,1,0
227.938829920,1,1
228.438726880,0,1
228.438980320,0,0
228.938905280,1,0
228.939236320,1,1
229.439089440,0,1
229.439344960,0,0
229.939356000,1,0
229.939690240,1,1
230.439713120,0,1
230.440026880,0,0
230.940072800,1,0
230.941263040,1,1
231.440380640,0,1
231.440718720,0,0
231.940696320,1,0
231.941033440,1,1
232.440995520,0,1
232.441307200,0,0
232.941247840,1,0
232.941536000,1,1
233.441433920,0,1
233.441693920,0,0
233.941613600,1,0
233.941922400,1,1
234.441797920,0,1
234.442048640,0,0
234.941975360,1,0
234.942242880,1,1
235.442148640,0,1
235.442383040,0,0
235.942317280,1,0
235.943286720,1,1
236.442490560,0,1
236.442771840,0,0
236.942673600,1,0
236.942935200,1,1
237.442851200,0,1
237.443111040,0,0
237.943105920,1,0
237.943461920,1,1
238.443434240,0,1
238.443733440,0,0
238.943748640,1,0
238.944152480,1,1
239.444132480,0,1
239.444459200,0,0
239.944449120,1,0
239.944776640,1,1
240.444754080,0,1
240.445086080,0,0
240.945053120,1,0
240.945435040,1,1
241.445365920,0,1
241.445698400,0,0
241.945678400,1,0
241.946006560,1,1
242.445994240,0,1
242.446322080,0,0
242.946334400,1,0
242.946670080,1,1
243.446655520,0,1
243.446972480,0,0
243.946961760,1,0
243.947308800,1,1
244.447272960,0,1
244.447606080,0,0
244.947590080,1,0
244.947927040,1,1
245.447953440,0,1
245.448183840,0,0
245.948238240,1,0
245.950121280,1,1
246.448550560,0,1
246.448881280,0,0
246.948875040,1,0
246.949193760,1,1
247.449196960,0,1
247.449518400,0,0
247.949514080,1,0
247.949802560,1,1
248.450038400,0,1
248.450366880,0,0
248.950566720,1,0
248.950912800,1,1
249.450878720,0,1
249.451235200,0,0
249.951368480,1,0
249.951714080,1,1
250.451939040,0,1
250.452245600,0,0
250.952424960,1,0
250.952948000,1,1
251.452767360,0,1
251.453012800,0,0
251.953274240,1,0
251.953526400,1,1
252.453789280,0,1
252.454036160,0,0
252.954048800,1,0
252.954237760,1,1
253.454318400,0,1
253.454491360,0,0
253.954585120,1,0
253.954782560,1,1
254.454787840,0,1
254.454963520,0,0
254.955057760,1,0
254.955240480,1,1
255.455327840,0,1
255.455498720,0,0
255.955604640,1,0
255.955798560,1,1
256.455781280,0,1
256.456073920,0,0
256.956046240,1,0
256.956501120,1,1
257.456319200,0,1
257.456592160,0,0
257.956612640,1,0
257.956947680,1,1
258.457135360,0,1
258.457453760,0,0
258.957664160,1,0
258.957987200,1,1
259.457986880,0,1
259.458301120,0,0
259.958307840,1,0
259.958621120,1,1
260.458672320,0,1
260.459037760,0,0
260.959026880,1,0
260.959947680,1,1
261.459365600,0,1
261.459607360,0,0
261.959719840,1,0
261.959955840,1,1
262.460036800,0,1
262.460271200,0,0
262.960299520,1,0
262.960484160,1,1
263.460488160,0,1
263.460670880,0,0
263.960677760,1,0
263.960856640,1,1
264.460864480,0,1
264.461036800,0,0
264.961047680,1,0
264.961220000,1,1
265.461227040,0,1
265.461388960,0,0
265.961397280,1,0
265.961564800,1,1
266.461546560,0,1
266.461832800,0,0
266.961730720,1,0
266.962169280,1,1
267.461904800,0,1
267.462162400,0,0
267.962157920,1,0
267.962496800,1,1
268.462503200,0,1
268.462808960,0,0
268.962827200,1,0
268.963163200,1,1
269.463143840,0,1
269.463460160,0,0
269.963446400,1,0
269.963772000,1,1
270.463788160,0,1
270.464082560,0,0
270.964091360,1,0
270.964438720,1,1
271.464392960,0,1
271.464624000,0,0
271.964701600,1,0
271.964932480,1,1
272.465039360,0,1
272.465280000,0,0
272.965317600,1,0
272.965508320,1,1
273.465527520,0,1
273.465702080,0,0
273.965715040,1,0
273.965906080,1,1
274.465903520,0,1
274.466076960,0,0
274.966086560,1,0
274.966261440,1,1
275.466264000,0,1
275.466435200,0,0
275.966436800,1,0
275.966642560,1,1
276.466613920,0,1
276.466898720,0,0
276.966790080,1,0
276.967120000,1,1
277.466975840,0,1
277.467240960,0,0
277.967226240,1,0
277.967563200,1,1
278.467559360,0,1
278.467890880,0,0
278.967871840,1,0
278.968198880,1,1
279.468172640,0,1
279.468482880,0,0
279.968492160,1,0
279.968824160,1,1
280.468810080,0,1
280.469151680,0,0
280.969122720,1,0
280.969444000,1,1
281.469451680,0,1
281.469755200,0,0
281.969732000,1,0
281.970044480,1,1
282.470070720,0,1
282.470387040,0,0
282.970345760,1,0
282.970609920,1,1
283.470552160,0,1
283.470828960,0,0
283.970757440,1,0
283.971020160,1,1
284.470965920,0,1
284.471232640,0,0
284.971152320,1,0
284.971408480,1,1
285.471327360,0,1
285.471598560,0,0
285.971504800,1,0
285.972203360,1,1
286.471680960,0,1
286.471825440,0,0
286.971842240,1,0
286.972019520,1,1
287.472018560,0,1
287.472191040,0,0
287.972266880,1,0
287.972512960,1,1
288.472576000,0,1
288.472802560,0,0
288.972874560,1,0
288.973117280,1,1
289.473177920,0,1
289.473408160,0,0
289.973485280,1,0
289.973718080,1,1
290.473799840,0,1
290.474020480,0,0
290.974100640,1,0
290.974451040,1,1
291.474414560,0,1
291.474767040,0,0
291.974732640,1,0
291.975098880,1,1
292.475048800,0,1
292.475365120,0,0
292.975404160,1,0
292.975737440,1,1
293.475736640,0,1
293.476063840,0,0
293.976038720,1,0
293.976356640,1,1
294.476376640,0,1
294.476682240,0,0
294.976692000,1,0
294.977010880,1,1
295.477006240,0,1
295.477306400,0,0
295.977308000,1,0
295.977648000,1,1
296.477620160,0,1
296.477961920,0,0
296.977940960,1,0
296.978230080,1,1
297.478243200,0,1
297.478560640,0,0
297.978499840,1,0
297.978785760,1,1
298.478688960,0,1
298.478932640,0,0
298.978872800,1,0
298.979144480,1,1
299.479060160,0,1
299.479326080,0,0
299.979247520,1,0
299.979527040,1,1
300.479442560,0,1
300.479693440,0,0
300.979629760,1,0
300.979869920,1,1
301.479836000,0,1
301.480035040,0,0
301.980040480,1,0
301.980199360,1,1
302.480234560,0,1
302.480426080,0,0
302.980474240,1,0
302.980711040,1,1
303.480780640,0,1
303.481010880,0,0
303.981105600,1,0
303.981349600,1,1
304.481428000,0,1
304.481659040,0,0
304.981743360,1,0
304.981989760,1,1
305.482063840,0,1
305.482289440,0,0
305.982367200,1,0
305.982717120,1,1
306.482677440,0,1
306.483018400,0,0
306.983011200,1,0
306.983291520,1,1
307.483335520,0,1
307.483672000,0,0
307.983581120,1,0
307.983859840,1,1
308.483766720,0,1
308.484048640,0,0
308.983945760,1,0
308.984234240,1,1
309.484129760,0,1
309.484403520,0,0
309.984305120,1,0
309.984574400,1,1
310.484479840,0,1
310.484728000,0,0
310.984646720,1,0
310.984902720,1,1
311.484822240,0,1
311.485101600,0,0
311.984996960,1,0
311.985360320,1,1
312.485196800,0,1
312.485470720,0,0
312.985498560,1,0
312.985837120,1,1
313.485823840,0,1
313.486135040,0,0
313.986138080,1,0
313.986409920,1,1
314.486501600,0,1
314.486818080,0,0
314.986857120,1,0
314.987187040,1,1
315.487205280,0,1
315.487515200,0,0
315.987507360,1,0
315.987755360,1,1
316.487865280,0,1
316.488109760,0,0
316.988212320,1,0
316.988490560,1,1
317.488516320,0,1
317.488744480,0,0
317.988829280,1,0
317.989074720,1,1
318.489197920,0,1
318.489433280,0,0
318.989525600,1,0
318.989764800,1,1
319.489839680,0,1
319.490070080,0,0
319.990177120,1,0
319.990412800,1,1
320.490486240,0,1
320.490708160,0,0
320.990781760,1,0
320.991131040,1,1
321.491080160,0,1
321.491441760,0,0
321.991435360,1,0
321.991756320,1,1
322.491737920,0,1
322.492042720,0,0
322.992037920,1,0
322.992379840,1,1
323.492338560,0,1
323.492661920,0,0
323.992649440,1,0
323.992972000,1,1
324.492947200,0,1
324.493266560,0,0
324.993238880,1,0
324.993536480,1,1
325.493530080,0,1
325.493837920,0,0
325.993807520,1,0
325.994108960,1,1
326.494102880,0,1
326.494446400,0,0
326.994441920,1,0
326.994816480,1,1
327.494794560,0,1
327.495055840,0,0
327.995129120,1,0
327.995476800,1,1
328.495465120,0,1
328.495779360,0,0
328.995772480,1,0
328.996097120,1,1
329.496305600,0,1
329.496648320,0,0
329.996792960,1,0
329.997126880,1,1
330.497138720,0,1
330.497439040,0,0
330.997419360,1,0
330.997700480,1,1
331.497941280,0,1
331.498288320,0,0
331.998283520,1,0
331.998678560,1,1
332.498807040,0,1
332.499043840,0,0
332.999128800,1,0
332.999412960,1,1
333.499407040,0,1
333.499669920,0,0
333.999682720,1,0
333.999969600,1,1
334.499879680,0,1
334.500143200,0,0
335.000145440,1,0
335.000418080,1,1
335.500421920,0,1
335.500697440,0,0
336.000691200,1,0
336.001026720,1,1
336.500875680,0,1
336.501065280,0,0
337.001143360,1,0
337.001353280,1,1
337.501414880,0,1
337.501594560,0,0
338.001869120,1,0
338.002119520,1,1
338.502200480,0,1
338.502429600,0,0
339.002706400,1,0
339.002953120,1,1
339.503260000,0,1
339.503495360,0,0
340.003584320,1,0
340.003836160,1,1
340.503911680,0,1
340.504131680,0,0
341.004412160,1,0
341.004761440,1,1
341.504707520,0,1
341.505040800,0,0
342.005185920,1,0
342.005601760,1,1
342.505697120,0,1
342.506023040,0,0
343.006034560,1,0
343.006280800,1,1
343.506312480,0,1
343.506573760,0,0
344.006499840,1,0
344.006760000,1,1
344.506776960,0,1
344.507042240,0,0
345.008089280,1,0
345.008365760,1,1
345.508545920,0,1
345.508836480,0,0
346.008861760,1,0
346.009064320,1,1
346.509056800,0,1
346.509243840,0,0
347.009322560,1,0
347.009522880,1,1
347.509607680,0,1
347.509795200,0,0
348.009862240,1,0
348.010060000,1,1
348.510356800,0,1
348.510590560,0,0
349.011013920,1,0
349.011264480,1,1
349.511380160,0,1
349.511630720,0,0
350.011732000,1,0
350.011975360,1,1
350.512084640,0,1
350.512305600,0,0
351.012586240,1,0
351.012955680,1,1
351.513128480,0,1
351.513489440,0,0
352.013475680,1,0
352.013824640,1,1
352.513826560,0,1
352.514148640,0,0
353.014371840,1,0
353.014599680,1,1
353.514713440,0,1
353.515060480,0,0
354.015140000,1,0
354.015491520,1,1
354.515496800,0,1
354.515807040,0,0
355.015839200,1,0
355.016161120,1,1
355.516178080,0,1
355.516485120,0,0
356.016488480,1,0
356.016735680,1,1
356.516824640,0,1
356.517071840,0,0
357.017167680,1,0
357.017421440,1,1
357.517498880,0,1
357.517733600,0,0
358.017836320,1,0
358.018095840,1,1
358.518220800,0,1
358.518442080,0,0
359.018562400,1,0
359.018810560,1,1
359.518918560,0,1
359.519161600,0,0
360.019271520,1,0
360.019515520,1,1
360.519606560,0,1
360.519831200,0,0
361.019919520,1,0
361.020264800,1,1
361.520247840,0,1
361.520584960,0,0
362.020582880,1,0
362.020888640,1,1
362.520912960,0,1
362.521245280,0,0
363.021250240,1,0
363.021590080,1,1
363.521612960,0,1
363.521903520,0,0
364.021949120,1,0
364.022301280,1,1
364.522307200,0,1
364.522636000,0,0
365.022657760,1,0
365.023020000,1,1
365.523039520,0,1
365.523357440,0,0
366.023354560,1,0
366.023640160,1,1
366.523688960,0,1
366.524016640,0,0
367.024027200,1,0
367.024396480,1,1
367.524366560,0,1
367.524692480,0,0
368.024645440,1,0
368.024923360,1,1
368.524847680,0,1
368.525105280,0,0
369.025034880,1,0
369.025856000,1,1
369.525234400,0,1
369.525415360,0,0
370.025428160,1,0
370.025611360,1,1
370.525615680,0,1
370.525782080,0,0
371.025805120,1,0
371.025998880,1,1
371.525993760,0,1
371.526183040,0,0
372.026184960,1,0
372.026381440,1,1
372.526376160,0,1
372.526555200,0,0
373.026642720,1,0
373.026927200,1,1
373.527039520,0,1
373.527208640,0,0
374.027316320,1,0
374.027569920,1,1
374.527658880,0,1
374.527987520,0,0
375.027996960,1,0
375.028325440,1,1
375.528335520,0,1
375.528654560,0,0
376.028659200,1,0
376.028927200,1,1
376.529005760,0,1
376.529252000,0,0
377.029359200,1,0
377.029619040,1,1
377.529679040,0,1
377.529920320,0,0
378.029951200,1,0
378.030281120,1,1
378.530159040,0,1
378.530332320,0,0
379.030355360,1,0
379.030548000,1,1
379.530557280,0,1
379.530749440,0,0
380.030777440,1,0
380.030958080,1,1
380.530969280,0,1
380.531148960,0,0
381.031156000,1,0
381.031438240,1,1
381.531341280,0,1
381.531622880,0,0
382.031534560,1,0
382.031774240,1,1
382.531723040,0,1
382.531973440,0,0
383.031983520,1,0
383.032325920,1,1
383.532318560,0,1
383.532562880,0,0
384.032667360,1,0
384.032906560,1,1
384.533016320,0,1
384.533254720,0,0
385.033356320,1,0
385.033594400,1,1
385.533686400,0,1
385.533916640,0,0
386.034009280,1,0
386.034260320,1,1
386.534345760,0,1
386.534589760,0,0
387.034681760,1,0
387.034939840,1,1
387.534998240,0,1
387.535232480,0,0
388.035337280,1,0
388.035555680,1,1
388.535656800,0,1
388.535982080,0,0
389.035999040,1,0
389.036316640,1,1
389.536324640,0,1
389.536652320,0,0
390.036665600,1,0
390.036995680,1,1
390.536999520,0,1
390.537319840,0,0
391.037326080,1,0
391.037624480,1,1
391.537663200,0,1
391.538040160,0,0
392.037995520,1,0
392.038351040,1,1
392.538332160,0,1
392.538669760,0,0
393.038722400,1,0
393.039073280,1,1
393.539076480,0,1
393.539386240,0,0
394.039415360,1,0
394.039708960,1,1
394.539722400,0,1
394.540040000,0,0
395.040064320,1,0
395.040387840,1,1
395.540396480,0,1
395.540726240,0,0
396.040715040,1,0
396.040966400,1,1
396.541057920,0,1
396.541300960,0,0
397.041388640,1,0
397.041790880,1,1
397.541717600,0,1
397.541968160,0,0
398.042001600,1,0
398.042197920,1,1
398.542208640,0,1
398.542388320,0,0
399.042433120,1,0
399.042547360,1,1
399.542593280,0,1
399.542761440,0,0
400.042770560,1,0
400.042944800,1,1
400.542952800,0,1
400.543130400,0,0
401.043132960,1,0
401.043422240,1,1
401.543317440,0,1
401.543613600,0,0
402.043498240,1,0
402.043752160,1,1
402.543687360,0,1
402.543943680,0,0
403.043942880,1,0
403.044288640,1,1
403.544300000,0,1
403.544605760,0,0
404.044642080,1,0
404.044989120,1,1
404.544997760,0,1
404.545315520,0,0
405.045342240,1,0
405.045666240,1,1
405.545672960,0,1
405.546007360,0,0
406.045988160,1,0
406.046276800,1,1
406.546300800,0,1
406.546659360,0,0
407.046660640,1,0
407.046950080,1,1
407.546974880,0,1
407.547292480,0,0
408.047239680,1,0
408.047522240,1,1
408.547444320,0,1
408.547699040,0,0
409.047641600,1,0
409.047935360,1,1
409.547855360,0,1
409.548092960,0,0
410.048032000,1,0
410.048317600,1,1
410.548220640,0,1
410.548492320,0,0
411.048403680,1,0
411.048593760,1,1
411.548587680,0,1
411.548767360,0,0
412.048774560,1,0
412.048964800,1,1
412.548963040,0,1
412.549134400,0,0
413.049224800,1,0
413.049481920,1,1
413.549563360,0,1
413.549802880,0,0
414.049859360,1,0
414.050107200,1,1
414.550201920,0,1
414.550410080,0,0
415.050553280,1,0
415.050794080,1,1
415.550886080,0,1
415.551107680,0,0
416.051206240,1,0
416.051549120,1,1
416.551533280,0,1
416.551872480,0,0
417.051855680,1,0
417.052164640,1,1
417.552181920,0,1
417.552509280,0,0
418.052457920,1,0
418.052750400,1,1
418.552680480,0,1
418.552944000,0,0
419.052893280,1,0
419.053181120,1,1
419.553125120,0,1
419.553318080,0,0
420.053303520,1,0
420.053843520,1,1
420.553524000,0,1
420.553832480,0,0
421.053732320,1,0
421.053962080,1,1
421.553926080,0,1
421.554199360,0,0
422.054116960,1,0
422.054393280,1,1
422.554349760,0,1
422.554615520,0,0
423.054613440,1,0
423.054949920,1,1
423.554966560,0,1
423.555289760,0,0
424.055282400,1,0
424.055630560,1,1
424.555650560,0,1
424.555971040,0,0
425.056020800,1,0
425.056357920,1,1
425.556399840,0,1
425.556730080,0,0
426.056774080,1,0
426.057096800,1,1
426.557159520,0,1
426.557499680,0,0
427.057497120,1,0
427.057846560,1,1
427.557815680,0,1
427.558141920,0,0
428.058198880,1,0
428.058541120,1,1
428.558562720,0,1
428.558888800,0,0
429.058919840,1,0
429.059254240,1,1
429.559266880,0,1
429.559573600,0,0
430.059597600,1,0
430.059871520,1,1
430.559904640,0,1
430.560212160,0,0
431.060226240,1,0
431.060502560,1,1
431.560560480,0,1
431.560895360,0,0
432.060888000,1,0
432.061242560,1,1
432.561215200,0,1
432.561535360,0,0
433.061568000,1,0
433.061910880,1,1
433.561902240,0,1
433.562227840,0,0
434.062259360,1,0
434.062599040,1,1
434.562608800,0,1
434.562923840,0,0
435.062967360,1,0
435.063249120,1,1
435.563278400,0,1
435.563588320,0,0
436.063597760,1,0
436.063926720,1,1
436.563940960,0,1
436.564289760,0,0
437.064275040,1,0
437.064783200,1,1
437.564598240,0,1
437.564930560,0,0
438.064868800,1,0
438.065163360,1,1
438.565068000,0,1
438.565313600,0,0
439.065255040,1,0
439.065539840,1,1
439.565448800,0,1
439.565763360,0,0
440.065630240,1,0
440.065844640,1,1
440.565792320,0,1
440.566052480,0,0
441.065975680,1,0
441.066180000,1,1
441.566182400,0,1
441.566374720,0,0
442.066370880,1,0
442.066566080,1,1
442.566562720,0,1
442.566737120,0,0
443.066832320,1,0
443.067079520,1,1
443.567181600,0,1
443.567420800,0,0
444.067528960,1,0
444.067777600,1,1
444.567880800,0,1
444.568114240,0,0
445.068219840,1,0
445.068441280,1,1
445.568546080,0,1
445.568770560,0,0
446.068869280,1,0
446.069195840,1,1
446.569201280,0,1
446.569531840,0,0
447.069533280,1,0
447.069842400,1,1
447.569861440,0,1
447.570197280,0,0
448.070178720,1,0
448.070460960,1,1
448.570378240,0,1
448.570633280,0,0
449.070580160,1,0
449.070867680,1,1
449.570792640,0,1
449.571060480,0,0
450.070981280,1,0
450.071228960,1,1
450.571174560,0,1
450.571675840,0,0
451.071361760,1,0
451.071602400,1,1
451.571551360,0,1
451.571835200,0,0
452.071746560,1,0
452.072001120,1,1
452.572024320,0,1
452.572296640,0,0
453.072468160,1,0
453.072833760,1,1
453.572811680,0,1
453.573128320,0,0
454.073349600,1,0
454.073711360,1,1
454.573946080,0,1
454.574277120,0,0
455.074289120,1,0
455.074605600,1,1
455.574682720,0,1
455.575007360,0,0
456.075053440,1,0
456.075313920,1,1
456.575437280,0,1
456.575685280,0,0
457.075807360,1,0
457.076065120,1,1
457.576144960,0,1
457.576380640,0,0
458.076411520,1,0
458.076610080,1,1
458.576608800,0,1
458.576786720,0,0
459.076797280,1,0
459.076995200,1,1
459.576992320,0,1
459.577162720,0,0
460.077172480,1,0
460.077351040,1,1
460.577376640,0,1
460.577491840,0,0
461.077533120,1,0
461.077813120,1,1
461.577722720,0,1
461.577998720,0,0
462.077909600,1,0
462.078153920,1,1
462.578186240,0,1
462.578456960,0,0
463.078648160,1,0
463.078910080,1,1
463.579004960,0,1
463.579234240,0,0
464.079400640,1,0
464.079652480,1,1
464.579800480,0,1
464.580035680,0,0
465.080148000,1,0
465.080375840,1,1
465.580470240,0,1
465.580697600,0,0
466.080776480,1,0
466.081023680,1,1
466.581099040,0,1
466.581343520,0,0
467.081432480,1,0
467.081680640,1,1
467.581762240,0,1
467.582042400,0,0
468.082144000,1,0
468.082501600,1,1
468.582508800,0,1
468.582830400,0,0
469.082873760,1,0
469.083222400,1,1
469.583206400,0,1
469.583526560,0,0
470.083522400,1,0
470.083829600,1,1
470.583836640,0,1
470.584162560,0,0
471.084148160,1,0
471.084405440,1,1
471.584480480,0,1
471.584805600,0,0
472.084806240,1,0
472.085110720,1,1
472.585137760,0,1
472.585488480,0,0
473.085457760,1,0
473.085799040,1,1
473.585847040,0,1
473.586160320,0,0
474.086162720,1,0
474.086500000,1,1
474.586493600,0,1
474.586806560,0,0
475.086826560,1,0
475.087136960,1,1
475.587136160,0,1
475.587442880,0,0
476.087452960,1,0
476.087685600,1,1
476.587764640,0,1
476.588012640,0,0
477.088101600,1,0
477.088343520,1,1
477.588427520,0,1
477.588653120,0,0
478.088701120,1,0
478.088889280,1,1
478.588903200,0,1
478.589069440,0,0
479.089100480,1,0
479.089288480,1,1
479.589299840,0,1
479.589472800,0,0
480.089486240,1,0
480.089651360,1,1
480.589696320,0,1
480.589869120,0,0
481.089892480,1,0
481.090120640,1,1
481.590045120,0,1
481.590304800,0,0
482.090227360,1,0
482.090495840,1,1
482.590416160,0,1
482.590684800,0,0
483.090656640,1,0
483.090995840,1,1
483.591005280,0,1
483.591325600,0,0
484.091353600,1,0
484.091680800,1,1
484.591699040,0,1
484.592019840,0,0
485.092037280,1,0
485.092349920,1,1
485.592367680,0,1
485.592694400,0,0
486.092703360,1,0
486.092876800,1,1
486.593045280,0,1
486.593368320,0,0
487.093383200,1,0
487.093705280,1,1
487.593716000,0,1
487.594037440,0,0
488.093982400,1,0
488.094264480,1,1
488.594181440,0,1
488.594630080,0,0
489.094385920,1,0
489.094683520,1,1
489.594595680,0,1
489.594857280,0,0
490.094783680,1,0
490.094989120,1,1
490.594971200,0,1
490.595230400,0,0
491.095156320,1,0
491.095348320,1,1
491.595345920,0,1
491.595521120,0,0
492.095525920,1,0
492.095722400,1,1
492.595717920,0,1
492.595885600,0,0
493.095992160,1,0
493.096253120,1,1
493.596337600,0,1
493.596561440,0,0
494.096686560,1,0
494.096945920,1,1
494.597047360,0,1
494.597278080,0,0
495.097379680,1,0
495.097611200,1,1
495.597757760,0,1
495.597983360,0,0
496.098082400,1,0
496.098427680,1,1
496.598413280,0,1
496.598746400,0,0
497.098730880,1,0
497.099046080,1,1
497.599061600,0,1
497.599376480,0,0
498.099379040,1,0
498.099714720,1,1
498.599707200,0,1
498.600007680,0,0
499.100058560,1,0
499.100396960,1,1
499.600416480,0,1
499.600730240,0,0
500.100745280,1,0
500.101041120,1,1
500.601078400,0,1
500.601402240,0,0
501.101388320,1,0
501.101678880,1,1
501.601746400,0,1
501.602037600,0,0
502.102070400,1,0
502.102409280,1,1
502.602461280,0,1
502.602776480,0,0
503.102810560,1,0
503.103168640,1,1
503.603161120,0,1
503.603488800,0,0
504.103497600,1,0
504.103834080,1,1
504.603849440,0,1
504.604152800,0,0
505.104187520,1,0
505.104492640,1,1
505.604516800,0,1
505.604835840,0,0
506.104832160,1,0
506.105107200,1,1
506.605165120,0,1
506.605398240,0,0
507.105484160,1,0
507.105807040,1,1
507.605829920,0,1
507.606157280,0,0
508.106148960,1,0
508.106484000,1,1
508.606503040,0,1
508.606817920,0,0
509.106838560,1,0
509.107189280,1,1
509.607195520,0,1
509.607527840,0,0
510.107534080,1,0
510.107840960,1,1
510.607858880,0,1
510.608178720,0,0
511.108171520,1,0
511.108421280,1,1
511.608491360,0,1
511.608720960,0,0
512.108834720,1,0
512.109077760,1,1
512.609166560,0,1
512.609419200,0,0
513.109448960,1,0
513.109637760,1,1
513.609651520,0,1
513.609826080,0,0
514.109846080,1,0
514.110037600,1,1
514.610050880,0,1
514.610223200,0,0
515.110241760,1,0
515.110414400,1,1
515.610435200,0,1
515.610611680,0,0
516.110613920,1,0
516.110902560,1,1
516.497075520,1,1
